,rep1,rep2,rep3,rep4,sem
mobley_2341732~mobley_2958326,-3.223457,-3.496579,-2.95555,-3.239338,0.11049537448463621
mobley_7532833~mobley_4043987,-1.934891,-1.034552,-1.629309,-1.206575,0.20394375786368776
mobley_3325209~mobley_2659552,12.18184,12.476811,12.745273,12.076299,0.15108023939250217
mobley_2782339~mobley_4395315,22.169379,23.256066,23.851136,22.054882,0.43411270966619886
mobley_1967551~mobley_2725802,-13.323031,-13.482088,-13.578078,-13.238178,0.07661950242200626
mobley_676247~mobley_1803862,3.630602,3.714949,3.158356,2.949032,0.18455518152546094
mobley_9794857~mobley_2043882,15.146789,15.448367,16.307143,15.983045,0.260812476072369
